Item No,Description,Unit,Rate,Quantity,Amount
3-1-1,Supplying and erecting ceiling fan 1200 mm sweep 5 star with down rod accessories,No,,16,
1-9-1,Concealed type light point wiring with 1.5 sq.mm (1.5+1E) FR copper wire in provided concealed pipes,Point,,84,
1-9-2,Concealed type independent plug point wiring 2.5 sq.mm with modular accessories,Point,,22,
1-9-6,Concealed ceiling fan point wiring 1.5 sq.mm (2+1E) FR copper with hook box,Point,,16,
1-9-10,Modular electronic fan regulator with 2M plate GI box,No,,16,
2-1-3,LED batten luminaire 20 W 4 ft 6500 K polycarbonate body with driver,No,,96,
2-1-1,LED panel luminaire 18 W 1200x300 mm surface mounted 6500 K,No,,42,
1-1-1,Supplying & laying 20 mm dia PVC conduit concealed in wall / ceiling with bends & couplers,m,,620,
1-1-2,Supplying and laying 25 mm dia. PVC conduit concealed in wall / ceiling,m,,340,
1-3-3,S&E mains with 2x4 sq.mm FRLSH copper PVC insulated wire in provided conduit,m,,260,
1-3-6,S&E mains with 3x4 sq.mm FRLSH copper PVC insulated wire in provided conduit,m,,190,
6-1-1,S&F SPN distribution board 8 way single door with copper bus bar,No,,4,
6-2-1,S&F MCB single pole 6A to 32A C curve ISI marked,No,,48,
6-2-4,S&F RCCB double pole 40A 30 mA sensitivity,No,,6,
7-2-4,S/E&T FR XLPE armoured cable 1100 V 3.5 core 16 sq.mm copper with glands and lugs,m,,120,
9-1-1,Providing earthing with GI earth plate 60x60x0.6 cm with salt charcoal and chamber,No,,3,
9-2-3,S&F GI strip 25x6 mm as earth continuity conductor with clamps,m,,90,
14-3-1,Testing & commissioning of internal installation including megger test per point,Point,,320,
11-2-1,Providing and fixing 40 W LED street light luminaire with programmable driver (non-schedule / new item),No,,6,
